{"cameraMode":{"drawMode":0,"name":"Shaded","section":"Shading Mode"},"sceneLighting":true,"audioPlay":false,"sceneViewState":{"showFog":true,"showMaterialUpdate":false,"showSkybox":true,"showFlares":true,"showImageEffects":true,"showParticleSystems":true},"in2DMode":false,"pivot":{"x":-15.010912895202637,"y":9.038212776184082,"z":-0.41187047958374026},"rotation":{"x":-0.22687998414039613,"y":-0.471129834651947,"z":0.12719550728797913,"w":-0.8430028557777405},"size":8.62185001373291,"orthographic":false}